Lat,Lon,Area
29.124881,48.124783,"Ahmadi, Abu Halifa, Block 1"
29.133497,48.122279,"Ahmadi, Abu Halifa, Block 2"
29.12723,48.133993,"Ahmadi, Abu Halifa, Block 3"
28.847561,47.896533,"Ahmadi, Ahmadi Governorate Desert, Block 1"
29.182479,47.858617,"Ahmadi, Al shadadyia Industrial, Block 1"
29.181722,48.115727,"Ahmadi, Al-Fintas, Block 1"
29.174679,48.11794,"Ahmadi, Al-Fintas, Block 2"
29.167916,48.118202,"Ahmadi, Al-Fintas, Block 3"
29.163316,48.115785,"Ahmadi, Al-Fintas, Block 4"
29.170572,48.123375,"Ahmadi, Al-Fintas, Block 5"
28.572686,48.377334,"Ahmadi, Al-Nuwaiseeb, Block 1"
28.952433,48.145471,"Ahmadi, Ali Subah Al-Salem, Block 1"
28.946112,48.149003,"Ahmadi, Ali Subah Al-Salem, Block 2"
28.959273,48.142143,"Ahmadi, Ali Subah Al-Salem, Block 3"
28.950212,48.159237,"Ahmadi, Ali Subah Al-Salem, Block 4"
28.957936,48.164913,"Ahmadi, Ali Subah Al-Salem, Block 5"
28.954377,48.155348,"Ahmadi, Ali Subah Al-Salem, Block 6"
28.960111,48.152569,"Ahmadi, Ali Subah Al-Salem, Block 7"
28.966089,48.14772,"Ahmadi, Ali Subah Al-Salem, Block 8"
28.96678,48.157638,"Ahmadi, Ali Subah Al-Salem, Block 9"
29.171309,48.066143,"Ahmadi, Dhaher, Block 1"
29.165111,48.070051,"Ahmadi, Dhaher, Block 2"
29.157817,48.073614,"Ahmadi, Dhaher, Block 3"
29.157521,48.067294,"Ahmadi, Dhaher, Block 4"
29.163407,48.062528,"Ahmadi, Dhaher, Block 5"
29.169616,48.058775,"Ahmadi, Dhaher, Block 6"
29.083572,48.077435,"Ahmadi, East Ahmadi, Block 1"
29.089894,48.093447,"Ahmadi, East Ahmadi, Block 10"
29.076934,48.075703,"Ahmadi, East Ahmadi, Block 2"
29.075898,48.07959,"Ahmadi, East Ahmadi, Block 3"
29.069793,48.091322,"Ahmadi, East Ahmadi, Block 5"
29.076064,48.090574,"Ahmadi, East Ahmadi, Block 6"
29.081705,48.093448,"Ahmadi, East Ahmadi, Block 7"
29.08162,48.084197,"Ahmadi, East Ahmadi, Block 8"
29.085947,48.08467,"Ahmadi, East Ahmadi, Block 9"
29.179831,48.1069,"Ahmadi, Egaila, Block 1"
29.174155,48.106785,"Ahmadi, Egaila, Block 2"
29.165802,48.106479,"Ahmadi, Egaila, Block 3"
29.177929,48.096098,"Ahmadi, Egaila, Block 4"
29.171381,48.096459,"Ahmadi, Egaila, Block 5"
29.162931,48.097459,"Ahmadi, Egaila, Block 6"
29.131461,48.109408,"Ahmadi, Fahad Al-Ahmad, Block 1"
29.130543,48.098853,"Ahmadi, Fahad Al-Ahmad, Block 2"
29.123802,48.110811,"Ahmadi, Fahad Al-Ahmad, Block 3"
29.12522,48.098515,"Ahmadi, Fahad Al-Ahmad, Block 4"
29.087308,48.11828,"Ahmadi, Fahaheel, Block 1"
29.088137,48.134386,"Ahmadi, Fahaheel, Block 10"
29.081716,48.137035,"Ahmadi, Fahaheel, Block 11"
29.076546,48.138788,"Ahmadi, Fahaheel, Block 12"
29.072109,48.142717,"Ahmadi, Fahaheel, Block 13"
29.085072,48.14026,"Ahmadi, Fahaheel, Block 14"
29.082114,48.120775,"Ahmadi, Fahaheel, Block 2"
29.075836,48.121094,"Ahmadi, Fahaheel, Block 3"
29.078196,48.115508,"Ahmadi, Fahaheel, Block 4"
29.072289,48.118902,"Ahmadi, Fahaheel, Block 5"
29.073506,48.131617,"Ahmadi, Fahaheel, Block 6"
29.078007,48.130014,"Ahmadi, Fahaheel, Block 7"
29.08212,48.127516,"Ahmadi, Fahaheel, Block 8"
29.08792,48.126389,"Ahmadi, Fahaheel, Block 9"
29.153933,48.091217,"Ahmadi, Hadiya, Block 1"
29.152412,48.083767,"Ahmadi, Hadiya, Block 2"
29.147064,48.094658,"Ahmadi, Hadiya, Block 3"
29.146154,48.087465,"Ahmadi, Hadiya, Block 4"
29.138015,48.094898,"Ahmadi, Hadiya, Block 5"
29.177704,48.087539,"Ahmadi, Jaber Al-Ali, Block 1"
29.175638,48.076438,"Ahmadi, Jaber Al-Ali, Block 2"
29.16636,48.076539,"Ahmadi, Jaber Al-Ali, Block 3"
29.163045,48.081858,"Ahmadi, Jaber Al-Ali, Block 4"
29.157763,48.081816,"Ahmadi, Jaber Al-Ali, Block 5"
29.161767,48.089243,"Ahmadi, Jaber Al-Ali, Block 6"
29.17057,48.088859,"Ahmadi, Jaber Al-Ali, Block 7"
29.170509,48.082015,"Ahmadi, Jaber Al-Ali, Block 8"
28.703034,47.926638,"Ahmadi, Janobyia Aljawakheer, Block 1"
28.702736,47.939383,"Ahmadi, Janobyia Aljawakheer, Block 2"
28.714,47.939716,"Ahmadi, Janobyia Aljawakheer, Block 3"
28.714314,47.926951,"Ahmadi, Janobyia Aljawakheer, Block 4"
29.057843,47.799178,"Ahmadi, kabd Agricultural, Block 1"
28.668066,48.285353,"Ahmadi, Khiran City, Block 2"
28.658982,48.278312,"Ahmadi, Khiran City, Block 3"
28.666013,48.278929,"Ahmadi, Khiran City, Block 7"
29.143299,48.045731,"Ahmadi, Magwa, Block 1"
29.147906,48.115777,"Ahmadi, Mahboula, Block 1"
29.152441,48.12121,"Ahmadi, Mahboula, Block 2"
29.141654,48.125036,"Ahmadi, Mahboula, Block 3"
29.146743,48.128809,"Ahmadi, Mahboula, Block 4"
29.113666,48.128999,"Ahmadi, Mangaf, Block 1"
29.112659,48.12038,"Ahmadi, Mangaf, Block 2"
29.097479,48.122075,"Ahmadi, Mangaf, Block 3"
29.100693,48.131702,"Ahmadi, Mangaf, Block 4"
29.108888,48.136943,"Ahmadi, Mangaf, Block 5"
29.089892,48.068163,"Ahmadi, Middle of Ahmadi, Block 10"
29.093221,48.06754,"Ahmadi, Middle of Ahmadi, Block 11"
29.090733,48.081375,"Ahmadi, Middle of Ahmadi, Block 12"
29.092055,48.053305,"Ahmadi, Middle of Ahmadi, Block 9"
28.977687,48.09198,"Ahmadi, Mina Abdulla, Block 1"
29.005404,48.14921,"Ahmadi, Mina Abdullah Refinery, Block 1"
29.055007,48.122487,"Ahmadi, Mina Al-Ahmadi Refinery, Block 1"
28.610861,48.007537,"Ahmadi, New Wafra, Block 1"
28.613893,48.014771,"Ahmadi, New Wafra, Block 2"
28.606438,48.017666,"Ahmadi, New Wafra, Block 3"
28.603393,48.010464,"Ahmadi, New Wafra, Block 4"
28.614851,48.027369,"Ahmadi, New Wafra, Block 5"
28.602058,48.033022,"Ahmadi, New Wafra, Block 6"
28.595345,48.019908,"Ahmadi, New Wafra, Block 7"
28.606229,48.019651,"Ahmadi, New Wafra, Block 8"
29.100686,48.054862,"Ahmadi, North Ahmadi, Block 13"
29.09695,48.064285,"Ahmadi, North Ahmadi, Block 14"
29.101718,48.072531,"Ahmadi, North Ahmadi, Block 15"
29.105958,48.065232,"Ahmadi, North Ahmadi, Block 16"
29.107642,48.06789,"Ahmadi, North Ahmadi, Block 17"
29.172089,47.839504,"Ahmadi, Rajim Khashman, Block 1"
29.1829,47.814722,"Ahmadi, Rajim Khashman, Block 1"
29.135457,47.80613,"Ahmadi, Rajim Khashman, Block 2"
29.145487,47.818441,"Ahmadi, Rajim Khashman, Block 3"
29.13539,47.818217,"Ahmadi, Rajim Khashman, Block 4"
29.140987,47.824983,"Ahmadi, Rajim Khashman, Block 5"
29.155727,48.107594,"Ahmadi, Riqqa, Block 1"
29.154612,48.099901,"Ahmadi, Riqqa, Block 2"
29.147871,48.109341,"Ahmadi, Riqqa, Block 3"
29.146734,48.104051,"Ahmadi, Riqqa, Block 4"
29.146753,48.100321,"Ahmadi, Riqqa, Block 5"
29.140192,48.110874,"Ahmadi, Riqqa, Block 6"
29.1389,48.10486,"Ahmadi, Riqqa, Block 7"
28.80392,48.05207,"Ahmadi, Sabah Al-Ahmad 1, Block 1"
28.80935,48.055802,"Ahmadi, Sabah Al-Ahmad 1, Block 2"
28.80302,48.069205,"Ahmadi, Sabah Al-Ahmad 1, Block 3"
28.797375,48.075699,"Ahmadi, Sabah Al-Ahmad 1, Block 4"
28.79427,48.067915,"Ahmadi, Sabah Al-Ahmad 1, Block 5"
28.800501,48.064059,"Ahmadi, Sabah Al-Ahmad 1, Block 6"
28.799076,48.04872,"Ahmadi, Sabah Al-Ahmad 2, Block 1"
28.793944,48.059718,"Ahmadi, Sabah Al-Ahmad 2, Block 2"
28.787843,48.061167,"Ahmadi, Sabah Al-Ahmad 2, Block 3"
28.787412,48.051779,"Ahmadi, Sabah Al-Ahmad 2, Block 4"
28.794145,48.042621,"Ahmadi, Sabah Al-Ahmad 2, Block 5"
28.791812,48.05111,"Ahmadi, Sabah Al-Ahmad 2, Block 6"
28.784879,48.036766,"Ahmadi, Sabah Al-Ahmad 3, Block 1"
28.782453,48.045334,"Ahmadi, Sabah Al-Ahmad 3, Block 2"
28.771142,48.037763,"Ahmadi, Sabah Al-Ahmad 3, Block 3"
28.774,48.031404,"Ahmadi, Sabah Al-Ahmad 3, Block 4"
28.782124,48.04069,"Ahmadi, Sabah Al-Ahmad 3, Block 5"
28.766837,48.078402,"Ahmadi, Sabah Al-Ahmad 4, Block 1"
28.761107,48.07312,"Ahmadi, Sabah Al-Ahmad 4, Block 2"
28.766298,48.061008,"Ahmadi, Sabah Al-Ahmad 4, Block 3"
28.773518,48.058447,"Ahmadi, Sabah Al-Ahmad 4, Block 4"
28.774383,48.067638,"Ahmadi, Sabah Al-Ahmad 4, Block 5"
28.768777,48.069252,"Ahmadi, Sabah Al-Ahmad 4, Block 6"
28.77882,48.075856,"Ahmadi, Sabah Al-Ahmad 5, Block 1"
28.791042,48.086368,"Ahmadi, Sabah Al-Ahmad 5, Block 2"
28.788189,48.092175,"Ahmadi, Sabah Al-Ahmad 5, Block 3"
28.775113,48.084706,"Ahmadi, Sabah Al-Ahmad 5, Block 4"
28.778523,48.081297,"Ahmadi, Sabah Al-Ahmad 5, Block 5"
28.76353,48.059586,"Ahmadi, Sabah Al-Ahmad 6, Block 1"
28.760769,48.058533,"Ahmadi, Sabah Al-Ahmad 6, Block 2"
28.757799,48.058368,"Ahmadi, Sabah Al-Ahmad 6, Block 3"
28.659468,48.369558,"Ahmadi, Sabah Al-Ahmad Al-marine, Block 1"
28.685625,48.369248,"Ahmadi, Sabah Al-Ahmad Al-marine, Block 2"
28.653213,48.339729,"Ahmadi, Sabah Al-Ahmad Al-marine, Block 3"
28.666149,48.320942,"Ahmadi, Sabah Al-Ahmad Al-marine, Block 3"
28.622955,48.353616,"Ahmadi, Sabah Al-Ahmad Al-marine, Block 4"
28.756754,48.044983,"Ahmadi, Sabah Al-Ahmad Investment, Block 1"
28.752159,48.056495,"Ahmadi, Sabah Al-Ahmad Investment, Block 2"
28.747317,48.068627,"Ahmadi, Sabah Al-Ahmad Investment, Block 3"
28.808542,48.074832,"Ahmadi, Sabah Al-Ahmad Services, Block 1"
28.758162,48.037218,"Ahmadi, Sabah Al-Ahmad Services, Block 10"
28.763395,48.028682,"Ahmadi, Sabah Al-Ahmad Services, Block 11"
28.805212,48.095267,"Ahmadi, Sabah Al-Ahmad Services, Block 2"
28.799937,48.084441,"Ahmadi, Sabah Al-Ahmad Services, Block 3"
28.795619,48.082175,"Ahmadi, Sabah Al-Ahmad Services, Block 4"
28.788554,48.077823,"Ahmadi, Sabah Al-Ahmad Services, Block 5"
28.782567,48.064663,"Ahmadi, Sabah Al-Ahmad Services, Block 6"
28.777169,48.049472,"Ahmadi, Sabah Al-Ahmad Services, Block 7"
28.770269,48.043521,"Ahmadi, Sabah Al-Ahmad Services, Block 8"
28.764546,48.040558,"Ahmadi, Sabah Al-Ahmad Services, Block 9"
29.098604,48.112092,"Ahmadi, Sabahiya, Block 1"
29.0991,48.101381,"Ahmadi, Sabahiya, Block 2"
29.11383,48.099882,"Ahmadi, Sabahiya, Block 3"
29.113485,48.112326,"Ahmadi, Sabahiya, Block 4"
29.106835,48.106793,"Ahmadi, Sabahiya, Block 5"
28.629465,48.383884,"Ahmadi, Shalehat Al-Khiran, Block 1"
28.56162,48.408912,"Ahmadi, Shalehat Al-Nuwaiseeb, Block 1"
28.816979,48.275896,"Ahmadi, Shalehat Bneder, Block 1"
28.921196,48.207237,"Ahmadi, Shalehat Dba'ayeh, Block 1"
28.88362,48.263067,"Ahmadi, Shalehat Jlea'a, Block 1"
28.967685,48.172609,"Ahmadi, Shalehat Mina Abdullah, Block 1"
28.674297,48.384262,"Ahmadi, Shalehat Zoor, Block 1"
29.041686,48.121539,"Ahmadi, Shuaiba Industrial esterly, Block 1"
29.038576,48.153019,"Ahmadi, Shuaiba Industrial esterly, Block 10"
29.04506,48.15572,"Ahmadi, Shuaiba Industrial esterly, Block 11"
29.032939,48.123843,"Ahmadi, Shuaiba Industrial esterly, Block 2"
29.02263,48.137421,"Ahmadi, Shuaiba Industrial esterly, Block 3"
29.027656,48.138979,"Ahmadi, Shuaiba Industrial esterly, Block 4"
29.033777,48.138818,"Ahmadi, Shuaiba Industrial esterly, Block 5"
29.041434,48.134601,"Ahmadi, Shuaiba Industrial esterly, Block 6"
29.041568,48.145944,"Ahmadi, Shuaiba Industrial esterly, Block 7"
29.022045,48.154503,"Ahmadi, Shuaiba Industrial esterly, Block 8"
29.03091,48.153759,"Ahmadi, Shuaiba Industrial esterly, Block 9"
29.003807,48.131478,"Ahmadi, Shuaiba Industrial Western, Block 1"
28.971419,48.119621,"Ahmadi, Shuaiba Industrial Western, Block 10"
29.019234,48.102452,"Ahmadi, Shuaiba Industrial Western, Block 11"
28.99956,48.105256,"Ahmadi, Shuaiba Industrial Western, Block 12"
28.990034,48.108667,"Ahmadi, Shuaiba Industrial Western, Block 13"
28.997633,48.134247,"Ahmadi, Shuaiba Industrial Western, Block 2"
28.993101,48.132985,"Ahmadi, Shuaiba Industrial Western, Block 3"
28.988931,48.131301,"Ahmadi, Shuaiba Industrial Western, Block 4"
28.980914,48.128854,"Ahmadi, Shuaiba Industrial Western, Block 5"
29.020062,48.118661,"Ahmadi, Shuaiba Industrial Western, Block 6"
29.000123,48.119668,"Ahmadi, Shuaiba Industrial Western, Block 7"
28.991075,48.119467,"Ahmadi, Shuaiba Industrial Western, Block 8"
28.982704,48.11615,"Ahmadi, Shuaiba Industrial Western, Block 9"
29.219032,47.893155,"Ahmadi, South Abdullah Al-Mubarak, Block 1"
29.216301,47.898791,"Ahmadi, South Abdullah Al-Mubarak, Block 2"
29.210904,47.902322,"Ahmadi, South Abdullah Al-Mubarak, Block 3"
29.208262,47.896579,"Ahmadi, South Abdullah Al-Mubarak, Block 4"
29.205872,47.889962,"Ahmadi, South Abdullah Al-Mubarak, Block 5"
29.199352,47.891053,"Ahmadi, South Abdullah Al-Mubarak, Block 6"
29.083246,48.063795,"Ahmadi, South Ahmadi, Block 1"
29.079304,48.068411,"Ahmadi, South Ahmadi, Block 4"
29.08538,48.071012,"Ahmadi, South Ahmadi, Block 6"
29.086799,48.063768,"Ahmadi, South Ahmadi, Block 7"
29.075199,48.059784,"Ahmadi, South Ahmadi, Block 8"
29.078406,48.105973,"Ahmadi, South-Sabahiya, Block 1"
29.209152,47.829893,"Ahmadi, Sulaibyia Industrial 3, Block 1"
28.602481,47.897403,"Ahmadi, Wafra, Block 1"
28.587803,47.991952,"Ahmadi, Wafra Farms, Block 1"
28.611996,48.085499,"Ahmadi, Wafra Farms, Block 10"
28.591356,48.088521,"Ahmadi, Wafra Farms, Block 10"
28.592546,48.081833,"Ahmadi, Wafra Farms, Block 10"
28.611602,48.050046,"Ahmadi, Wafra Farms, Block 11"
28.662757,48.163026,"Ahmadi, Wafra Farms, Block 12"
28.632879,48.189952,"Ahmadi, Wafra Farms, Block 13"
28.571564,48.059029,"Ahmadi, Wafra Farms, Block 2"
28.553907,48.062819,"Ahmadi, Wafra Farms, Block 3"
28.538531,48.048382,"Ahmadi, Wafra Farms, Block 4"
28.545523,48.167094,"Ahmadi, Wafra Farms, Block 5"
28.560704,48.27086,"Ahmadi, Wafra Farms, Block 6"
28.602832,48.243315,"Ahmadi, Wafra Farms, Block 7"
28.607729,48.159439,"Ahmadi, Wafra Farms, Block 8"
28.609242,48.123665,"Ahmadi, Wafra Farms, Block 9"
28.716332,48.334625,"Ahmadi, Zoor, Block 1"
29.356752,47.98143,"Asma, Abdulla Al-Salem, Block 1"
29.351995,47.989329,"Asma, Abdulla Al-Salem, Block 2"
29.349578,47.982909,"Asma, Abdulla Al-Salem, Block 3"
29.34873,47.976026,"Asma, Abdulla Al-Salem, Block 4"
29.328955,47.976362,"Asma, Adailiya, Block 1"
29.322291,47.978194,"Asma, Adailiya, Block 2"
29.323527,47.987241,"Asma, Adailiya, Block 3"
29.33044,47.984838,"Asma, Adailiya, Block 4"
29.360092,47.969877,"Asma, Al Sour Gardens, Block 1"
29.360694,47.980186,"Asma, Al Sour Gardens, Block 2"
29.363856,47.988808,"Asma, Al Sour Gardens, Block 3"
29.369929,47.993835,"Asma, Al Sour Gardens, Block 4"
29.377898,48.439967,"Asma, Auha Island, Block 1"
29.370484,48.00687,"Asma, Bnaid Al-Qar, Block 1"
29.375314,48.000731,"Asma, Bnaid Al-Qar, Block 2"
29.379675,48.000124,"Asma, Bnaid Al-Qar, Block 3"
29.356044,48.007709,"Asma, Daiya, Block 1"
29.361033,48.010321,"Asma, Daiya, Block 2"
29.353666,48.01309,"Asma, Daiya, Block 3"
29.358876,48.015836,"Asma, Daiya, Block 4"
29.363882,48.01827,"Asma, Daiya, Block 5"
29.366364,47.996275,"Asma, Dasma, Block 1"
29.370737,47.997842,"Asma, Dasma, Block 2"
29.362764,47.998748,"Asma, Dasma, Block 3"
29.367791,48.002691,"Asma, Dasma, Block 4"
29.360388,48.003655,"Asma, Dasma, Block 5"
29.364567,48.006086,"Asma, Dasma, Block 6"
29.38943,47.996326,"Asma, Dasman, Block 1"
29.385906,47.998399,"Asma, Dasman, Block 2"
29.384117,48.000727,"Asma, Dasman, Block 3"
29.317579,47.826651,"Asma, Doha, Block 1"
29.315548,47.8214,"Asma, Doha, Block 2"
29.31562,47.814998,"Asma, Doha, Block 3"
29.320113,47.796794,"Asma, Doha, Block 4"
29.315653,47.818165,"Asma, Doha, Block 5"
29.341921,47.97408,"Asma, Faiha, Block 1"
29.342587,47.977881,"Asma, Faiha, Block 2"
29.343484,47.98182,"Asma, Faiha, Block 3"
29.337997,47.974163,"Asma, Faiha, Block 4"
29.338723,47.978668,"Asma, Faiha, Block 5"
29.339765,47.983025,"Asma, Faiha, Block 6"
29.334029,47.97421,"Asma, Faiha, Block 7"
29.33481,47.979432,"Asma, Faiha, Block 8"
29.335929,47.984278,"Asma, Faiha, Block 9"
29.434445,48.333806,"Asma, Failaka Island, Block 1"
29.312988,47.880938,"Asma, Ghornata, Block 1"
29.312336,47.875081,"Asma, Ghornata, Block 2"
29.31338,47.866858,"Asma, Ghornata, Block 3"
29.323341,47.895062,"Asma, Health Area, Block 1"
29.331329,47.777829,"Asma, Jaber Al-Ahmad, Block 1"
29.337378,47.765855,"Asma, Jaber Al-Ahmad, Block 2"
29.343843,47.773309,"Asma, Jaber Al-Ahmad, Block 3"
29.339041,47.751946,"Asma, Jaber Al-Ahmad, Block 4"
29.348233,47.743503,"Asma, Jaber Al-Ahmad, Block 5"
29.353884,47.757848,"Asma, Jaber Al-Ahmad, Block 6"
29.354008,47.773169,"Asma, Jaber Al-Ahmad, Block 7"
29.329264,47.958231,"Asma, Khaldiya, Block 1"
29.329424,47.966818,"Asma, Khaldiya, Block 2"
29.322433,47.96878,"Asma, Khaldiya, Block 3"
29.32085,47.96222,"Asma, Khaldiya, Block 4"
29.339473,47.968413,"Asma, Kifan, Block 1"
29.341869,47.964449,"Asma, Kifan, Block 2"
29.344969,47.957877,"Asma, Kifan, Block 3"
29.33432,47.966748,"Asma, Kifan, Block 4"
29.341175,47.955735,"Asma, Kifan, Block 5"
29.33805,47.951865,"Asma, Kifan, Block 6"
29.335723,47.959813,"Asma, Kifan, Block 7"
29.071613,48.492311,"Asma, Kubbar Island, Block 1"
29.360856,47.991717,"Asma, Mansouriya, Block 1"
29.356074,47.996315,"Asma, Mansouriya, Block 2"
29.359766,47.803663,"Asma, Mina Doha, Block 1"
29.364855,47.979006,"Asma, Mirqab, Block 1"
29.367638,47.984629,"Asma, Mirqab, Block 2"
29.37161,47.989172,"Asma, Mirqab, Block 3"
29.485754,48.251608,"Asma, Mischan Island, Block 1"
29.315036,47.908913,"Asma, Mubarakiya Camps, Block 1"
29.323737,47.808882,"Asma, Northwest Sulaibikhat, Block 1"
29.331298,47.806067,"Asma, Northwest Sulaibikhat, Block 2"
29.327838,47.818093,"Asma, Northwest Sulaibikhat, Block 3"
29.345616,47.993308,"Asma, Nuzha, Block 1"
29.342909,47.987571,"Asma, Nuzha, Block 2"
29.339167,47.993245,"Asma, Nuzha, Block 3"
29.349647,47.996642,"Asma, Qadsiya, Block 1"
29.351882,47.999893,"Asma, Qadsiya, Block 2"
29.354434,48.00334,"Asma, Qadsiya, Block 3"
29.346503,47.999015,"Asma, Qadsiya, Block 4"
29.348974,48.002525,"Asma, Qadsiya, Block 5"
29.351816,48.006331,"Asma, Qadsiya, Block 6"
29.343262,48.001485,"Asma, Qadsiya, Block 7"
29.345908,48.005339,"Asma, Qadsiya, Block 8"
29.349053,48.009569,"Asma, Qadsiya, Block 9"
28.814622,48.758952,"Asma, Qaruh Island, Block 1"
29.376564,47.970145,"Asma, Qibla, Block 1"
29.369889,47.97596,"Asma, Qibla, Block 10"
29.368472,47.972093,"Asma, Qibla, Block 11"
29.366879,47.968692,"Asma, Qibla, Block 12"
29.363532,47.969748,"Asma, Qibla, Block 13"
29.364269,47.962557,"Asma, Qibla, Block 14"
29.370924,47.96645,"Asma, Qibla, Block 15"
29.37808,47.972765,"Asma, Qibla, Block 2"
29.374208,47.970824,"Asma, Qibla, Block 3"
29.375141,47.972958,"Asma, Qibla, Block 4"
29.376622,47.974691,"Asma, Qibla, Block 5"
29.371385,47.971266,"Asma, Qibla, Block 6"
29.373167,47.973599,"Asma, Qibla, Block 7"
29.374683,47.975652,"Asma, Qibla, Block 8"
29.372612,47.978651,"Asma, Qibla, Block 9"
29.317297,47.988947,"Asma, Qortuba, Block 1"
29.309684,47.993362,"Asma, Qortuba, Block 2"
29.307147,47.983675,"Asma, Qortuba, Block 3"
29.314485,47.979845,"Asma, Qortuba, Block 4"
29.312261,47.986342,"Asma, Qortuba, Block 5"
29.325346,47.994663,"Asma, Rawda, Block 1"
29.325665,48.000011,"Asma, Rawda, Block 2"
29.32604,48.006066,"Asma, Rawda, Block 3"
29.334679,48.000524,"Asma, Rawda, Block 4"
29.332839,47.993077,"Asma, Rawda, Block 5"
29.371003,47.76144,"Asma, Shalehat Doha, Block 1"
29.357575,47.964404,"Asma, Shamiya, Block 1"
29.357126,47.967251,"Asma, Shamiya, Block 10"
29.357254,47.971455,"Asma, Shamiya, Block 2"
29.353284,47.962734,"Asma, Shamiya, Block 3"
29.353539,47.967052,"Asma, Shamiya, Block 4"
29.35233,47.970693,"Asma, Shamiya, Block 5"
29.350603,47.966106,"Asma, Shamiya, Block 6"
29.349059,47.960099,"Asma, Shamiya, Block 7"
29.346997,47.965149,"Asma, Shamiya, Block 8"
29.346417,47.970294,"Asma, Shamiya, Block 9"
29.380662,47.978155,"Asma, Sharq, Block 1"
29.384501,47.98443,"Asma, Sharq, Block 2"
29.387545,47.990754,"Asma, Sharq, Block 3"
29.382747,47.99221,"Asma, Sharq, Block 4"
29.37951,47.987557,"Asma, Sharq, Block 5"
29.376099,47.982161,"Asma, Sharq, Block 6"
29.376369,47.990798,"Asma, Sharq, Block 7"
29.379351,47.995125,"Asma, Sharq, Block 8"
29.357804,47.960749,"Asma, Shuwaikh, Block 1"
29.35461,47.959075,"Asma, Shuwaikh, Block 2"
29.356681,47.956895,"Asma, Shuwaikh, Block 3"
29.351819,47.956282,"Asma, Shuwaikh, Block 4"
29.354519,47.953703,"Asma, Shuwaikh, Block 5"
29.348227,47.94807,"Asma, Shuwaikh, Block 6"
29.355498,47.947527,"Asma, Shuwaikh, Block 7"
29.360582,47.95687,"Asma, Shuwaikh, Block 8"
29.337085,47.927234,"Asma, Shuwaikh Industrial-1, Block 1"
29.322766,47.948956,"Asma, Shuwaikh Industrial-2, Block 1"
29.326435,47.93082,"Asma, Shuwaikh Industrial-3, Block"
29.31658,47.92967,"Asma, Shuwaikh Industrial-3, Block"
29.318377,47.936392,"Asma, Shuwaikh Industrial-3, Block ?"
29.323859,47.925604,"Asma, Shuwaikh Industrial-3, Block ?"
29.352055,47.918948,"Asma, Shuwaikh Port, Block 1"
29.315536,47.859251,"Asma, Sulaibikhat, Block 1"
29.315153,47.852173,"Asma, Sulaibikhat, Block 2"
29.315998,47.840683,"Asma, Sulaibikhat, Block 3"
29.317191,47.83285,"Asma, Sulaibikhat, Block 4"
29.315248,47.846636,"Asma, Sulaibikhat, Block 5"
29.30391,47.831118,"Asma, Sulaibikhat Cemetery, Block 1"
29.319499,48.010258,"Asma, Surra, Block 1"
29.312258,48.016334,"Asma, Surra, Block 2"
29.310226,48.010859,"Asma, Surra, Block 3"
29.308984,48.003419,"Asma, Surra, Block 4"
29.316369,47.998819,"Asma, Surra, Block 5"
29.317576,48.00485,"Asma, Surra, Block 6"
29.380086,47.990194,"Asma, The Sea Front, Block 1"
28.680474,48.651137,"Asma, Umm Al-Maradim Island, Block 1"
29.381621,47.864659,"Asma, Umm Al-Namel Island, Block 1"
29.314249,47.972321,"Asma, Yarmouk, Block 1"
29.306982,47.974659,"Asma, Yarmouk, Block 2"
29.306906,47.967001,"Asma, Yarmouk, Block 3"
29.313955,47.96509,"Asma, Yarmouk, Block 4"
29.243901,47.920368,"Farwaniya, Abdullah Mubarak Al-Sabah, Block 1"
29.238189,47.91423,"Farwaniya, Abdullah Mubarak Al-Sabah, Block 2"
29.243962,47.909337,"Farwaniya, Abdullah Mubarak Al-Sabah, Block 3"
29.23565,47.907468,"Farwaniya, Abdullah Mubarak Al-Sabah, Block 4"
29.243717,47.899004,"Farwaniya, Abdullah Mubarak Al-Sabah, Block 5"
29.235473,47.901147,"Farwaniya, Abdullah Mubarak Al-Sabah, Block 6"
29.238426,47.894871,"Farwaniya, Abdullah Mubarak Al-Sabah, Block 7"
29.245491,47.888846,"Farwaniya, Abdullah Mubarak Al-Sabah, Block 8"
29.250838,47.882069,"Farwaniya, Abdullah Mubarak Al-Sabah, Block 9"
29.30842,47.878802,"Farwaniya, Andalus, Block 1"
29.300167,47.890922,"Farwaniya, Andalus, Block 10"
29.300282,47.899227,"Farwaniya, Andalus, Block 11"
29.304826,47.896894,"Farwaniya, Andalus, Block 12"
29.299178,47.86716,"Farwaniya, Andalus, Block 13"
29.306734,47.886353,"Farwaniya, Andalus, Block 2"
29.30177,47.883744,"Farwaniya, Andalus, Block 3"
29.298692,47.883269,"Farwaniya, Andalus, Block 4"
29.297892,47.873916,"Farwaniya, Andalus, Block 5"
29.301315,47.874324,"Farwaniya, Andalus, Block 6"
29.306318,47.866988,"Farwaniya, Andalus, Block 7"
29.306813,47.870939,"Farwaniya, Andalus, Block 8"
29.305043,47.878323,"Farwaniya, Andalus, Block 9"
29.293581,47.903988,"Farwaniya, Ardhiya, Block 1"
29.285311,47.888656,"Farwaniya, Ardhiya, Block 10"
29.278957,47.89139,"Farwaniya, Ardhiya, Block 11"
29.293304,47.899354,"Farwaniya, Ardhiya, Block 2"
29.2946,47.889042,"Farwaniya, Ardhiya, Block 3"
29.290815,47.890984,"Farwaniya, Ardhiya, Block 4"
29.291857,47.881295,"Farwaniya, Ardhiya, Block 5"
29.286175,47.902052,"Farwaniya, Ardhiya, Block 6"
29.281283,47.903485,"Farwaniya, Ardhiya, Block 7"
29.286342,47.895235,"Farwaniya, Ardhiya, Block 8"
29.280002,47.897493,"Farwaniya, Ardhiya, Block 9"
29.284166,47.916728,"Farwaniya, Ardhiya 4, Block 1"
29.277072,47.9172,"Farwaniya, Ardhiya 4, Block 2"
29.270941,47.917061,"Farwaniya, Ardhiya 4, Block 3"
29.296818,47.921921,"Farwaniya, Ardhiya 6, Block 1"
29.291056,47.92224,"Farwaniya, Ardhiya 6, Block 2"
29.295583,47.911052,"Farwaniya, Ardhiya Herafiya, Block 1"
29.297732,47.913376,"Farwaniya, Ardhiya Herafiya, Block 2"
29.295941,47.907818,"Farwaniya, Ardhiya Herafiya, Block 3"
29.294344,47.913843,"Farwaniya, Ardhiya Herafiya, Block 4"
29.291124,47.910959,"Farwaniya, Ardhiya Herafiya, Block 5"
29.27256,47.946995,"Farwaniya, Ashbeliah, Block 1"
29.274288,47.941421,"Farwaniya, Ashbeliah, Block 2"
29.274332,47.936703,"Farwaniya, Ashbeliah, Block 3"
29.272607,47.93089,"Farwaniya, Ashbeliah, Block 4"
29.262001,47.962213,"Farwaniya, Dajeej, Block 1"
29.285992,47.960554,"Farwaniya, Farwaniya, Block 1"
29.283765,47.952241,"Farwaniya, Farwaniya, Block 2"
29.278289,47.965407,"Farwaniya, Farwaniya, Block 3"
29.275928,47.959299,"Farwaniya, Farwaniya, Block 4"
29.271348,47.954433,"Farwaniya, Farwaniya, Block 5"
29.268958,47.964773,"Farwaniya, Farwaniya, Block 6"
29.292201,47.868123,"Farwaniya, Ferdous, Block 1"
29.286298,47.868283,"Farwaniya, Ferdous, Block 2"
29.281616,47.868599,"Farwaniya, Ferdous, Block 3"
29.277527,47.870374,"Farwaniya, Ferdous, Block 4"
29.277863,47.877608,"Farwaniya, Ferdous, Block 5"
29.283283,47.881076,"Farwaniya, Ferdous, Block 6"
29.287525,47.875997,"Farwaniya, Ferdous, Block 7"
29.293286,47.874926,"Farwaniya, Ferdous, Block 8"
29.277328,47.884594,"Farwaniya, Ferdous, Block 9"
29.215584,47.971258,"Farwaniya, International Airport, Block 1"
29.262927,47.943011,"Farwaniya, Jleeb Al-Shiyoukh, Block 1"
29.260795,47.92708,"Farwaniya, Jleeb Al-Shiyoukh, Block 2"
29.263125,47.917133,"Farwaniya, Jleeb Al-Shiyoukh, Block 3"
29.250195,47.936018,"Farwaniya, Jleeb Al-Shiyoukh, Block 4"
29.256305,47.94775,"Farwaniya, Jleeb Al-Shiyoukh, Block 5"
29.272258,47.983473,"Farwaniya, Khaitan, Block 1"
29.300404,47.972029,"Farwaniya, Khaitan, Block 10"
29.27075,47.97507,"Farwaniya, Khaitan, Block 2"
29.280531,47.981586,"Farwaniya, Khaitan, Block 3"
29.279257,47.972661,"Farwaniya, Khaitan, Block 4"
29.289857,47.981075,"Farwaniya, Khaitan, Block 5"
29.29033,47.97658,"Farwaniya, Khaitan, Block 6"
29.28745,47.972417,"Farwaniya, Khaitan, Block 7"
29.287595,47.968253,"Farwaniya, Khaitan, Block 8"
29.29475,47.969827,"Farwaniya, Khaitan, Block 9"
29.30029,47.958345,"Farwaniya, Omariya, Block 1"
29.299426,47.949442,"Farwaniya, Omariya, Block 2"
29.296036,47.959252,"Farwaniya, Omariya, Block 3"
29.293167,47.950658,"Farwaniya, Omariya, Block 4"
29.291898,47.960196,"Farwaniya, Omariya, Block 5"
29.292963,47.936148,"Farwaniya, Rabiya, Block 1"
29.292733,47.930647,"Farwaniya, Rabiya, Block 2"
29.289612,47.933923,"Farwaniya, Rabiya, Block 3"
29.298036,47.933317,"Farwaniya, Rabiya, Block 4"
29.295073,47.942904,"Farwaniya, Rabiya, Block 5"
29.308388,47.944938,"Farwaniya, Rai, Block 1"
29.283752,47.944421,"Farwaniya, Rehab, Block 1"
29.285005,47.936749,"Farwaniya, Rehab, Block 2"
29.284218,47.930144,"Farwaniya, Rehab, Block 3"
29.305888,47.921137,"Farwaniya, Riggai, Block 1"
29.303863,47.910372,"Farwaniya, Riggai, Block 2"
29.272196,47.876265,"Farwaniya, Sabah Al-Nasser, Block 1"
29.270268,47.867015,"Farwaniya, Sabah Al-Nasser, Block 2"
29.268524,47.875667,"Farwaniya, Sabah Al-Nasser, Block 3"
29.272879,47.889158,"Farwaniya, Sabah Al-Nasser, Block 4"
29.268975,47.886623,"Farwaniya, Sabah Al-Nasser, Block 5"
29.270153,47.900419,"Farwaniya, Sabah Al-Nasser, Block 6"
29.275558,47.900848,"Farwaniya, Sabah Al-Nasser, Block 7"
29.257077,47.897889,"Farwaniya, Sabah Al-Salem University City, Block 1"
29.237037,47.829346,"Farwaniya, West Abdullah Al-Mubarak, Block 1"
29.245927,47.83755,"Farwaniya, West Abdullah Al-Mubarak, Block 2"
29.239716,47.842044,"Farwaniya, West Abdullah Al-Mubarak, Block 3"
29.231004,47.844763,"Farwaniya, West Abdullah Al-Mubarak, Block 4"
29.23182,47.859064,"Farwaniya, West Abdullah Al-Mubarak, Block 5"
29.242134,47.857451,"Farwaniya, West Abdullah Al-Mubarak, Block 6"
29.248662,47.859161,"Farwaniya, West Abdullah Al-Mubarak, Block 7"
29.315749,48.088811,"Hawalli, Al Bida'a, Block 13"
29.301614,47.99115,"Hawalli, Al-Siddiq, Block 1"
29.296878,47.988386,"Hawalli, Al-Siddiq, Block 2"
29.294021,48.000213,"Hawalli, Al-Siddiq, Block 3"
29.293627,47.995023,"Hawalli, Al-Siddiq, Block 4"
29.291615,47.987658,"Hawalli, Al-Siddiq, Block 5"
29.288002,47.998057,"Hawalli, Al-Siddiq, Block 6"
29.286926,47.989106,"Hawalli, Al-Siddiq, Block 7"
29.294046,48.087348,"Hawalli, Anjafa, Block 13"
29.309993,48.051537,"Hawalli, Bayan, Block 1"
29.294185,48.065113,"Hawalli, Bayan, Block 10"
29.291009,48.059957,"Hawalli, Bayan, Block 11"
29.288539,48.054039,"Hawalli, Bayan, Block 12"
29.288771,48.047515,"Hawalli, Bayan, Block 13"
29.298123,48.033516,"Hawalli, Bayan, Block 14"
29.307788,48.04378,"Hawalli, Bayan, Block 2"
29.303205,48.041472,"Hawalli, Bayan, Block 3"
29.30518,48.056496,"Hawalli, Bayan, Block 4"
29.302738,48.05087,"Hawalli, Bayan, Block 5"
29.297471,48.045937,"Hawalli, Bayan, Block 6"
29.299626,48.060876,"Hawalli, Bayan, Block 7"
29.296885,48.055944,"Hawalli, Bayan, Block 8"
29.293939,48.052066,"Hawalli, Bayan, Block 9"
29.337605,48.007104,"Hawalli, Hawalli, Block 1"
29.330709,48.01749,"Hawalli, Hawalli, Block 10"
29.328818,48.014444,"Hawalli, Hawalli, Block 11"
29.327458,48.01087,"Hawalli, Hawalli, Block 12"
29.340755,48.012087,"Hawalli, Hawalli, Block 2"
29.340885,48.017026,"Hawalli, Hawalli, Block 3"
29.344062,48.01891,"Hawalli, Hawalli, Block 4"
29.343976,48.024936,"Hawalli, Hawalli, Block 5"
29.337114,48.033209,"Hawalli, Hawalli, Block 6"
29.333621,48.029532,"Hawalli, Hawalli, Block 7"
29.332284,48.025295,"Hawalli, Hawalli, Block 8"
29.331113,48.021431,"Hawalli, Hawalli, Block 9"
29.286315,48.025341,"Hawalli, Hitteen, Block 1"
29.286308,48.010921,"Hawalli, Hitteen, Block 2"
29.280737,48.027657,"Hawalli, Hitteen, Block 3"
29.281172,48.016519,"Hawalli, Hitteen, Block 4"
29.312901,48.036467,"Hawalli, Jabriya, Block 10"
29.314506,48.042602,"Hawalli, Jabriya, Block 11"
29.316183,48.047767,"Hawalli, Jabriya, Block 12"
29.323229,48.018139,"Hawalli, Jabriya, Block 1"
29.319399,48.0168,"Hawalli, Jabriya, Block 1"
29.320806,48.021535,"Hawalli, Jabriya, Block 2"
29.325242,48.026777,"Hawalli, Jabriya, Block 3"
29.32218,48.02812,"Hawalli, Jabriya, Block 3"
29.32749,48.035471,"Hawalli, Jabriya, Block 4"
29.315818,48.022758,"Hawalli, Jabriya, Block 5"
29.318001,48.029945,"Hawalli, Jabriya, Block 6"
29.320755,48.035758,"Hawalli, Jabriya, Block 7"
29.322776,48.042023,"Hawalli, Jabriya, Block 8"
29.310882,48.027077,"Hawalli, Jabriya, Block 9"
29.271219,48.017354,"Hawalli, Ministries Area, Block 1"
29.286715,48.070531,"Hawalli, Mishrif, Block 1"
29.284804,48.064102,"Hawalli, Mishrif, Block 2"
29.278161,48.075448,"Hawalli, Mishrif, Block 3"
29.276775,48.067703,"Hawalli, Mishrif, Block 4"
29.270106,48.074615,"Hawalli, Mishrif, Block 5"
29.28183,48.056769,"Hawalli, Mishrif, Block 6"
29.275352,48.059089,"Hawalli, Mishrif, Block 7"
29.268436,48.061282,"Hawalli, Mishrif, Block 7"
29.280339,48.049612,"Hawalli, Mubarak Al-Abdullah, Block 1"
29.28045,48.044248,"Hawalli, Mubarak Al-Abdullah, Block 2"
29.276971,48.040057,"Hawalli, Mubarak Al-Abdullah, Block 3"
29.2764,48.046001,"Hawalli, Mubarak Al-Abdullah, Block 4"
29.274246,48.051859,"Hawalli, Mubarak Al-Abdullah, Block 5"
29.269199,48.046349,"Hawalli, Mubarak Al-Abdullah, Block 6"
29.268463,48.054297,"Hawalli, Mubarak Al-Abdullah, Block 7"
29.284625,48.03892,"Hawalli, Mubarakyia, Block 1"
29.308449,48.061636,"Hawalli, Rumaithiya, Block 1"
29.318924,48.065766,"Hawalli, Rumaithiya, Block 10"
29.316518,48.06153,"Hawalli, Rumaithiya, Block 11"
29.313532,48.05722,"Hawalli, Rumaithiya, Block 12"
29.311499,48.066778,"Hawalli, Rumaithiya, Block 2"
29.313034,48.072071,"Hawalli, Rumaithiya, Block 3"
29.312695,48.077707,"Hawalli, Rumaithiya, Block 4"
29.311957,48.083605,"Hawalli, Rumaithiya, Block 5"
29.319749,48.084939,"Hawalli, Rumaithiya, Block 6"
29.320722,48.079677,"Hawalli, Rumaithiya, Block 7"
29.321516,48.074803,"Hawalli, Rumaithiya, Block 8"
29.320722,48.070136,"Hawalli, Rumaithiya, Block 9"
29.303218,48.010208,"Hawalli, Salam, Block 1"
29.298916,48.021971,"Hawalli, Salam, Block 2"
29.298589,48.014775,"Hawalli, Salam, Block 3"
29.2954,48.012231,"Hawalli, Salam, Block 4"
29.291607,48.023165,"Hawalli, Salam, Block 5"
29.290923,48.013254,"Hawalli, Salam, Block 6"
29.293734,48.005783,"Hawalli, Salam, Block 7"
29.348553,48.097143,"Hawalli, Salmiya, Block 1"
29.327726,48.064959,"Hawalli, Salmiya, Block 10"
29.338572,48.044519,"Hawalli, Salmiya, Block 11"
29.324757,48.051301,"Hawalli, Salmiya, Block 12"
29.345952,48.087724,"Hawalli, Salmiya, Block 2"
29.339759,48.091856,"Hawalli, Salmiya, Block 3"
29.341403,48.075839,"Hawalli, Salmiya, Block 4"
29.335962,48.079824,"Hawalli, Salmiya, Block 5"
29.329944,48.088066,"Hawalli, Salmiya, Block 6"
29.339133,48.066714,"Hawalli, Salmiya, Block 7"
29.329692,48.077186,"Hawalli, Salmiya, Block 8"
29.335748,48.059401,"Hawalli, Salmiya, Block 9"
29.303808,48.066278,"Hawalli, Salwa, Block 1"
29.287234,48.080105,"Hawalli, Salwa, Block 10"
29.282003,48.082644,"Hawalli, Salwa, Block 11"
29.275015,48.085168,"Hawalli, Salwa, Block 12"
29.30614,48.073279,"Hawalli, Salwa, Block 2"
29.306675,48.081265,"Hawalli, Salwa, Block 3"
29.300992,48.083106,"Hawalli, Salwa, Block 4"
29.299978,48.077377,"Hawalli, Salwa, Block 5"
29.298064,48.070125,"Hawalli, Salwa, Block 6"
29.291965,48.074306,"Hawalli, Salwa, Block 7"
29.293416,48.080242,"Hawalli, Salwa, Block 8"
29.294152,48.084179,"Hawalli, Salwa, Block 9"
29.346465,48.028947,"Hawalli, Shaab, Block 1"
29.351551,48.025585,"Hawalli, Shaab, Block 2"
29.34989,48.023335,"Hawalli, Shaab, Block 3"
29.347755,48.022118,"Hawalli, Shaab, Block 4"
29.355452,48.021465,"Hawalli, Shaab, Block 5"
29.352865,48.018551,"Hawalli, Shaab, Block 6"
29.349903,48.01629,"Hawalli, Shaab, Block 7"
29.350671,48.031263,"Hawalli, Shaab, Block 8"
29.276191,48.030024,"Hawalli, Shuhada, Block 1"
29.268974,48.037104,"Hawalli, Shuhada, Block 2"
29.26628,48.027506,"Hawalli, Shuhada, Block 3"
29.26955,48.028373,"Hawalli, Shuhada, Block 4"
29.272846,48.027781,"Hawalli, Shuhada, Block 5"
29.276692,48.010116,"Hawalli, Zahra, Block 1"
29.282698,48.001095,"Hawalli, Zahra, Block 2"
29.28217,47.990221,"Hawalli, Zahra, Block 3"
29.275721,48.004411,"Hawalli, Zahra, Block 4"
29.276452,47.998809,"Hawalli, Zahra, Block 5"
29.277172,47.991033,"Hawalli, Zahra, Block 6"
29.267982,48.002023,"Hawalli, Zahra, Block 7"
29.271665,47.993833,"Hawalli, Zahra, Block 8"
30.055877,47.747114,"Jahra, Abdally, Block 1"
30.016404,47.687238,"Jahra, Abdally, Block 2"
29.971889,47.724786,"Jahra, Abdally, Block 3"
30.016848,47.823146,"Jahra, Abdally, Block 4"
29.975239,47.858099,"Jahra, Abdally, Block 5"
29.92511,47.848228,"Jahra, Abdally, Block 6"
29.490477,47.535077,"Jahra, Al Mutlaa, Block 1"
29.22457,47.314754,"Jahra, Al Naayem, Block 1"
29.248727,47.286409,"Jahra, Al Naayem, Block 2"
29.236542,47.239271,"Jahra, Al Naayem, Block 3"
29.206269,47.275343,"Jahra, Al Naayem, Block 4"
29.19421,47.251872,"Jahra, Al Naayem, Block 5"
29.216512,47.254666,"Jahra, Al Naayem, Block 6"
29.19889,47.139034,"Jahra, Al Sheqaya, Block 1"
29.310513,47.740105,"Jahra, Amghara Industrial, Block 1"
29.308149,47.746639,"Jahra, Amghara Industrial, Block 2"
29.297519,47.748154,"Jahra, Amghara Industrial, Block 3"
29.301078,47.768911,"Jahra, Amghara Industrial, Block 4"
29.624541,47.372598,"Jahra, Bar Al-Jahra Governorate, Block 1"
29.953447,47.96082,"Jahra, Bhaith, Block 1"
29.785773,48.21173,"Jahra, Bubyan Island, Block 1"
29.354093,47.680374,"Jahra, Jahra, Block 1"
29.352294,47.67507,"Jahra, Jahra, Block 2"
29.351007,47.669363,"Jahra, Jahra, Block 3"
29.34127,47.672098,"Jahra, Jahra, Block 4"
29.348228,47.664783,"Jahra, Jahra, Block 5"
29.352681,47.709032,"Jahra, Jahra Camps, Block 1"
29.321004,47.653249,"Jahra, Jahra Industrial Herafiya 1, Block 1"
29.304619,47.663187,"Jahra, Jawakher Al Jahra, Block 1"
29.307371,47.65758,"Jahra, Jawakher Al Jahra, Block 2"
29.093153,47.715816,"Jahra, Kabd, Block 1"
29.08215,47.750568,"Jahra, Kabd, Block 10"
29.102426,47.769201,"Jahra, Kabd, Block 11"
29.092104,47.769248,"Jahra, Kabd, Block 12"
29.081794,47.768967,"Jahra, Kabd, Block 13"
29.10357,47.732113,"Jahra, Kabd, Block 2"
29.103926,47.716112,"Jahra, Kabd, Block 3"
29.092825,47.731861,"Jahra, Kabd, Block 4"
29.114752,47.716398,"Jahra, Kabd, Block 5"
29.082512,47.731634,"Jahra, Kabd, Block 6"
29.125526,47.716666,"Jahra, Kabd, Block 7"
29.103202,47.751044,"Jahra, Kabd, Block 8"
29.092467,47.750783,"Jahra, Kabd, Block 9"
29.299656,47.808635,"Jahra, Kaerawan, Block 1"
29.303009,47.798407,"Jahra, Kaerawan, Block 2"
29.305792,47.790932,"Jahra, Kaerawan, Block 3"
29.511669,47.769073,"Jahra, Kazima, Block 1"
29.332169,47.701018,"Jahra, Naeem, Block 1"
29.328702,47.6986,"Jahra, Naeem, Block 2"
29.336876,47.691899,"Jahra, Naeem, Block 3"
29.333767,47.690169,"Jahra, Naeem, Block 4"
29.300929,47.861297,"Jahra, Nahda, Block 1"
29.302121,47.856044,"Jahra, Nahda, Block 2"
29.308001,47.858156,"Jahra, Nahda, Block 3"
29.320128,47.673581,"Jahra, Nasseem, Block 1"
29.322722,47.664912,"Jahra, Nasseem, Block 2"
29.320688,47.684641,"Jahra, Nasseem, Block 3"
29.315383,47.686398,"Jahra, Nasseem, Block 4"
29.35479,47.649685,"Jahra, North West Jahra, Block 1"
29.332473,47.6594,"Jahra, Oyoun, Block 1"
29.324571,47.658092,"Jahra, Oyoun, Block 2"
29.334049,47.652018,"Jahra, Oyoun, Block 3"
29.326843,47.65103,"Jahra, Oyoun, Block 4"
29.347067,47.684117,"Jahra, Qasr, Block 1"
29.34213,47.68626,"Jahra, Qasr, Block 2"
29.341716,47.697776,"Jahra, Qasr, Block 3"
29.339826,47.707172,"Jahra, Qasr, Block 4"
29.335171,47.703929,"Jahra, Qasr, Block 4"
29.795627,47.863465,"Jahra, Rawdatain, Block 1"
29.309672,47.71967,"Jahra, Saad Al-Abdulla City, Block 1"
29.315075,47.733874,"Jahra, Saad Al-Abdulla City, Block 10"
29.323929,47.739233,"Jahra, Saad Al-Abdulla City, Block 11"
29.31061,47.711026,"Jahra, Saad Al-Abdulla City, Block 2"
29.303068,47.708789,"Jahra, Saad Al-Abdulla City, Block 3"
29.302257,47.71862,"Jahra, Saad Al-Abdulla City, Block 4"
29.310149,47.695643,"Jahra, Saad Al-Abdulla City, Block 5"
29.305886,47.685379,"Jahra, Saad Al-Abdulla City, Block 6"
29.30402,47.69962,"Jahra, Saad Al-Abdulla City, Block 7"
29.319356,47.721339,"Jahra, Saad Al-Abdulla City, Block 8"
29.304374,47.728248,"Jahra, Saad Al-Abdulla City, Block 9"
29.175628,46.767915,"Jahra, Salmy, Block 1"
29.488314,47.838028,"Jahra, Shalehat Kazima, Block 1"
29.662516,48.125882,"Jahra, Shalehat Subiya, Block 1"
29.482266,47.622731,"Jahra, South Al Mutlaa, Block 1"
29.530515,47.632357,"Jahra, South Al Mutlaa 1, Block 1"
29.530656,47.620301,"Jahra, South Al Mutlaa 1, Block 2"
29.521763,47.619768,"Jahra, South Al Mutlaa 1, Block 3"
29.521118,47.631782,"Jahra, South Al Mutlaa 1, Block 4"
29.526343,47.626694,"Jahra, South Al Mutlaa 1, Block 5"
29.440055,47.565001,"Jahra, South Al Mutlaa 10, Block 1"
29.449397,47.564956,"Jahra, South Al Mutlaa 10, Block 2"
29.449419,47.554084,"Jahra, South Al Mutlaa 10, Block 3"
29.440319,47.554083,"Jahra, South Al Mutlaa 10, Block 4"
29.444662,47.559963,"Jahra, South Al Mutlaa 10, Block 5"
29.449442,47.574334,"Jahra, South Al Mutlaa 11, Block 1"
29.439727,47.573376,"Jahra, South Al Mutlaa 11, Block 2"
29.438702,47.584305,"Jahra, South Al Mutlaa 11, Block 3"
29.449289,47.585073,"Jahra, South Al Mutlaa 11, Block 4"
29.444236,47.579649,"Jahra, South Al Mutlaa 11, Block 5"
29.426711,47.588052,"Jahra, South Al Mutlaa 12, Block 1"
29.430423,47.580132,"Jahra, South Al Mutlaa 12, Block 2"
29.418277,47.580959,"Jahra, South Al Mutlaa 12, Block 3"
29.415986,47.590201,"Jahra, South Al Mutlaa 12, Block 4"
29.422572,47.584388,"Jahra, South Al Mutlaa 12, Block 5"
29.512953,47.631079,"Jahra, South Al Mutlaa 2, Block 1"
29.513189,47.620906,"Jahra, South Al Mutlaa 2, Block 2"
29.503525,47.621185,"Jahra, South Al Mutlaa 2, Block 3"
29.502354,47.630624,"Jahra, South Al Mutlaa 2, Block 4"
29.508077,47.626321,"Jahra, South Al Mutlaa 2, Block 5"
29.491471,47.629864,"Jahra, South Al Mutlaa 3, Block 1"
29.494969,47.620486,"Jahra, South Al Mutlaa 3, Block 2"
29.483639,47.622028,"Jahra, South Al Mutlaa 3, Block 3"
29.47978,47.630156,"Jahra, South Al Mutlaa 3, Block 4"
29.487314,47.625818,"Jahra, South Al Mutlaa 3, Block 5"
29.497068,47.611252,"Jahra, South Al Mutlaa 4, Block 1"
29.501241,47.602033,"Jahra, South Al Mutlaa 4, Block 2"
29.492105,47.59988,"Jahra, South Al Mutlaa 4, Block 3"
29.486739,47.612336,"Jahra, South Al Mutlaa 4, Block 4"
29.494615,47.60615,"Jahra, South Al Mutlaa 4, Block 5"
29.48098,47.604857,"Jahra, South Al Mutlaa 5, Block 1"
29.483833,47.594879,"Jahra, South Al Mutlaa 5, Block 2"
29.474748,47.594994,"Jahra, South Al Mutlaa 5, Block 3"
29.471197,47.604026,"Jahra, South Al Mutlaa 5, Block 4"
29.478621,47.599989,"Jahra, South Al Mutlaa 5, Block 5"
29.475469,47.58505,"Jahra, South Al Mutlaa 6, Block 1"
29.485159,47.585988,"Jahra, South Al Mutlaa 6, Block 2"
29.485281,47.574393,"Jahra, South Al Mutlaa 6, Block 3"
29.475095,47.574233,"Jahra, South Al Mutlaa 6, Block 4"
29.480705,47.579564,"Jahra, South Al Mutlaa 6, Block 5"
29.475532,47.564934,"Jahra, South Al Mutlaa 7, Block 1"
29.485161,47.565057,"Jahra, South Al Mutlaa 7, Block 2"
29.485377,47.554755,"Jahra, South Al Mutlaa 7, Block 3"
29.476179,47.554545,"Jahra, South Al Mutlaa 7, Block 4"
29.480711,47.559763,"Jahra, South Al Mutlaa 7, Block 5"
29.457939,47.565001,"Jahra, South Al Mutlaa 8, Block 1"
29.467135,47.565443,"Jahra, South Al Mutlaa 8, Block 2"
29.467787,47.553985,"Jahra, South Al Mutlaa 8, Block 3"
29.457824,47.553752,"Jahra, South Al Mutlaa 8, Block 4"
29.462999,47.559025,"Jahra, South Al Mutlaa 8, Block 5"
29.457794,47.585374,"Jahra, South Al Mutlaa 9, Block 1"
29.467061,47.585663,"Jahra, South Al Mutlaa 9, Block 2"
29.466982,47.5751,"Jahra, South Al Mutlaa 9, Block 3"
29.457929,47.574961,"Jahra, South Al Mutlaa 9, Block 4"
29.462725,47.580176,"Jahra, South Al Mutlaa 9, Block 5"
29.285484,47.710408,"Jahra, South Amghara, Block 1"
29.679481,48.04558,"Jahra, Subiya, Block 1"
29.293387,47.810168,"Jahra, Sulaibiya, Block 1"
29.287107,47.818338,"Jahra, Sulaibiya, Block 10"
29.292795,47.81885,"Jahra, Sulaibiya, Block 2"
29.292709,47.827147,"Jahra, Sulaibiya, Block 3"
29.287377,47.827067,"Jahra, Sulaibiya, Block 4"
29.282516,47.830723,"Jahra, Sulaibiya, Block 5"
29.277572,47.836818,"Jahra, Sulaibiya, Block 6"
29.272874,47.834911,"Jahra, Sulaibiya, Block 7"
29.277376,47.828696,"Jahra, Sulaibiya, Block 8"
29.281599,47.823944,"Jahra, Sulaibiya, Block 9"
29.248242,47.772455,"Jahra, Sulaibiya Agricultural, Block 1"
29.288542,47.840313,"Jahra, Sulaibiya Industrial 1, Block 1"
29.278295,47.853353,"Jahra, Sulaibiya Industrial 2, Block 1"
29.333391,47.670145,"Jahra, Taima, Block 1"
29.332573,47.678453,"Jahra, Taima, Block 2"
29.330783,47.685678,"Jahra, Taima, Block 3"
29.328479,47.691592,"Jahra, Taima, Block 4"
29.32434,47.690303,"Jahra, Taima, Block 5"
29.325762,47.6842,"Jahra, Taima, Block 6"
29.327545,47.676801,"Jahra, Taima, Block 7"
29.329295,47.668246,"Jahra, Taima, Block 8"
29.323482,47.696206,"Jahra, Taima, Block 9"
29.682761,47.75949,"Jahra, Umm Al-Aish, Block 1"
29.34476,47.659955,"Jahra, Waha, Block 1"
29.339697,47.663198,"Jahra, Waha, Block 2"
29.339857,47.654225,"Jahra, Waha, Block 3"
29.346232,47.655009,"Jahra, Waha, Block 4"
29.993199,48.073824,"Jahra, Warba Island, Block 1"
29.206168,48.095743,"Mubarak Al Kabeer, Abu Ftaira, Block 1"
29.198027,48.097625,"Mubarak Al Kabeer, Abu Ftaira, Block 2"
29.206088,48.102954,"Mubarak Al Kabeer, Abu Ftaira, Block 3"
29.20297,48.101901,"Mubarak Al Kabeer, Abu Ftaira, Block 4"
29.193113,48.106842,"Mubarak Al Kabeer, Abu Ftaira, Block 5"
29.190444,48.103763,"Mubarak Al Kabeer, Abu Ftaira, Block 6"
29.189287,48.100635,"Mubarak Al Kabeer, Abu Ftaira, Block 7"
29.184563,48.106747,"Mubarak Al Kabeer, Abu Ftaira, Block 8"
29.190834,48.112829,"Mubarak Al Kabeer, Abu Hassaniah, Block 10"
29.204047,48.108576,"Mubarak Al Kabeer, Abu Hassaniah, Block 11"
29.245123,48.087728,"Mubarak Al Kabeer, Al Masayel, Block 1"
29.241085,48.088743,"Mubarak Al Kabeer, Al Masayel, Block 2"
29.237596,48.093879,"Mubarak Al Kabeer, Al Masayel, Block 3"
29.234524,48.090762,"Mubarak Al Kabeer, Al Masayel, Block 4"
29.233778,48.086224,"Mubarak Al Kabeer, Al Masayel, Block 5"
29.239234,48.066604,"Mubarak Al Kabeer, Al-Adan, Block 1"
29.231614,48.056942,"Mubarak Al Kabeer, Al-Adan, Block 2"
29.23208,48.068006,"Mubarak Al Kabeer, Al-Adan, Block 3"
29.225684,48.063294,"Mubarak Al Kabeer, Al-Adan, Block 4"
29.224882,48.073248,"Mubarak Al Kabeer, Al-Adan, Block 5"
29.232277,48.076999,"Mubarak Al Kabeer, Al-Adan, Block 6"
29.235561,48.081039,"Mubarak Al Kabeer, Al-Adan, Block 7"
29.241217,48.076135,"Mubarak Al Kabeer, Al-Adan, Block 8"
29.229222,48.093951,"Mubarak Al Kabeer, Al-Fnaitees, Block 1"
29.226011,48.085891,"Mubarak Al Kabeer, Al-Fnaitees, Block 2"
29.218409,48.099116,"Mubarak Al Kabeer, Al-Fnaitees, Block 3"
29.223609,48.09411,"Mubarak Al Kabeer, Al-Fnaitees, Block 4"
29.222684,48.090278,"Mubarak Al Kabeer, Al-Fnaitees, Block 5"
29.217748,48.096322,"Mubarak Al Kabeer, Al-Fnaitees, Block 6"
29.216552,48.093295,"Mubarak Al Kabeer, Al-Fnaitees, Block 7"
29.215542,48.090832,"Mubarak Al Kabeer, Al-Fnaitees, Block 8"
29.21869,48.103408,"Mubarak Al Kabeer, Al-Fnaitees, Block 9"
29.204244,48.087208,"Mubarak Al Kabeer, Al-Qurain, Block 1"
29.205841,48.074238,"Mubarak Al Kabeer, Al-Qurain, Block 2"
29.20082,48.065238,"Mubarak Al Kabeer, Al-Qurain, Block 3"
29.199237,48.073094,"Mubarak Al Kabeer, Al-Qurain, Block 4"
29.201469,48.082557,"Mubarak Al Kabeer, Al-Qurain, Block 5"
29.215585,48.08444,"Mubarak Al Kabeer, Al-Qusour, Block 1"
29.217723,48.079436,"Mubarak Al Kabeer, Al-Qusour, Block 2"
29.219379,48.068977,"Mubarak Al Kabeer, Al-Qusour, Block 3"
29.216189,48.068311,"Mubarak Al Kabeer, Al-Qusour, Block 4"
29.214046,48.074176,"Mubarak Al Kabeer, Al-Qusour, Block 5"
29.210885,48.07288,"Mubarak Al Kabeer, Al-Qusour, Block 6"
29.213027,48.061712,"Mubarak Al Kabeer, Al-Qusour, Block 7"
29.238599,48.09764,"Mubarak Al Kabeer, Messila, Block 6"
29.260767,48.090104,"Mubarak Al Kabeer, Messila, Block 7"
29.194987,48.08611,"Mubarak Al Kabeer, Mubarak Al-Kabeer, Block 1"
29.193234,48.076192,"Mubarak Al Kabeer, Mubarak Al-Kabeer, Block 2"
29.184105,48.071367,"Mubarak Al Kabeer, Mubarak Al-Kabeer, Block 3"
29.187143,48.075576,"Mubarak Al Kabeer, Mubarak Al-Kabeer, Block 4"
29.189607,48.083137,"Mubarak Al Kabeer, Mubarak Al-Kabeer, Block 5"
29.184212,48.086568,"Mubarak Al Kabeer, Mubarak Al-Kabeer, Block 6"
29.18427,48.095176,"Mubarak Al Kabeer, Mubarak Al-Kabeer, Block 7"
29.191219,48.094433,"Mubarak Al Kabeer, Mubarak Al-Kabeer, Block 8"
29.262122,48.082301,"Mubarak Al Kabeer, Sabah Al-Salem, Block 1"
29.2529,48.050298,"Mubarak Al Kabeer, Sabah Al-Salem, Block 10"
29.246591,48.074751,"Mubarak Al Kabeer, Sabah Al-Salem, Block 11"
29.244565,48.065811,"Mubarak Al Kabeer, Sabah Al-Salem, Block 12"
29.243751,48.053567,"Mubarak Al Kabeer, Sabah Al-Salem, Block 13"
29.250992,48.086375,"Mubarak Al Kabeer, Sabah Al-Salem, Block 2"
29.253855,48.081861,"Mubarak Al Kabeer, Sabah Al-Salem, Block 3"
29.260953,48.071554,"Mubarak Al Kabeer, Sabah Al-Salem, Block 4"
29.25994,48.060056,"Mubarak Al Kabeer, Sabah Al-Salem, Block 5"
29.260848,48.049773,"Mubarak Al Kabeer, Sabah Al-Salem, Block 6"
29.253298,48.074888,"Mubarak Al Kabeer, Sabah Al-Salem, Block 7"
29.253731,48.06725,"Mubarak Al Kabeer, Sabah Al-Salem, Block 8"
29.249839,48.059906,"Mubarak Al Kabeer, Sabah Al-Salem, Block 9"
29.232237,48.000562,"Mubarak Al Kabeer, Subhan Industrial, Block 1"
29.236544,48.000512,"Mubarak Al Kabeer, Subhan Industrial, Block 10"
29.241917,48.000418,"Mubarak Al Kabeer, Subhan Industrial, Block 11"
29.221313,48.006583,"Mubarak Al Kabeer, Subhan Industrial, Block 13"
29.231909,48.007626,"Mubarak Al Kabeer, Subhan Industrial, Block 2"
29.23164,48.014293,"Mubarak Al Kabeer, Subhan Industrial, Block 3"
29.228973,47.997823,"Mubarak Al Kabeer, Subhan Industrial, Block 4"
29.22881,48.007483,"Mubarak Al Kabeer, Subhan Industrial, Block 5"
29.228552,48.014153,"Mubarak Al Kabeer, Subhan Industrial, Block 6"
29.22597,48.001469,"Mubarak Al Kabeer, Subhan Industrial, Block 7"
29.225711,48.00732,"Mubarak Al Kabeer, Subhan Industrial, Block 8"
29.225465,48.013982,"Mubarak Al Kabeer, Subhan Industrial, Block 9"
29.198174,48.050723,"Mubarak Al Kabeer, West Abu Ftirah Hirafyia, Block 1"
29.219108,48.028875,"Mubarak Al Kabeer, Wista, Block 1"
